<?xml version="1.0"?>
<assembly xmlns="http://maven.apache.org/plugins/maven-assembly-plugin/assembly/1.1.2" xmlns:xsi="http://www.w3.org/2001/XMLSchema-instance"
  xsi:schemaLocation="http://maven.apache.org/plugins/maven-assembly-plugin/assembly/1.1.2 http://maven.apache.org/xsd/assembly-1.1.2.xsd">
  <id>bin</id>
  <formats>
    <format>zip</format>
  </formats>
  <fileSets>
    <fileSet>
      <directory>../conf</directory>
      <outputDirectory>conf</outputDirectory>
    </fileSet>
    <fileSet>
      <directory>src/main/scripts</directory>
      <includes>
        <include>*.sh</include>
      </includes>
      <outputDirectory>/</outputDirectory>
      <fileMode>755</fileMode>
    </fileSet>
    <fileSet>
      <directory>src/main/scripts</directory>
      <includes>
        <include>*.bat</include>
      </includes>
      <outputDirectory>/</outputDirectory>
      <fileMode>644</fileMode>
    </fileSet>
    <fileSet>
      <directory>../logs</directory>
      <outputDirectory>logs</outputDirectory>
      <directoryMode>755</directoryMode>
    </fileSet>
    <fileSet>
      <directory>../media</directory>
      <outputDirectory>media</outputDirectory>
      <directoryMode>755</directoryMode>
    </fileSet>
    <fileSet>
      <includes>
        <include>../*.txt</include>
      </includes>
      <fileMode>644</fileMode>
    </fileSet>
  </fileSets>
  <files>
    <file>
      <source>target/peers-gui-${project.version}-jar-with-dependencies.jar</source>
      <destName>peers.jar</destName>
    </file>
  </files>
</assembly>
